"annotator_id","predicted_sexist_rate","demographic_knn_bias","bias_confidence","mean_label","label_variance","label_entropy"
"Annotator_391",0.400195286607869,0.405153153989801,0.0964069229179153,0.41025641025641,0.248313090418354,0.97663491144401
"Annotator_392",0.433471565290936,0.433471565290936,0.101992206776162,0.347826086956522,0.231884057971014,0.932111567616675
"Annotator_393",0.375050017570469,0.375050017570469,0.1243441131968,0.333333333333333,0.227642276422764,0.91829583405449
"Annotator_394",0.44714181194069,0.44714181194069,0.0969119532210997,0.382978723404255,0.241443108233117,0.960118662642292
"Annotator_395",0.474983224682926,0.466550082014283,0.0859030388663481,0.577777777777778,0.249494949494949,0.982474086838641
"Annotator_396",0.433870236523908,0.428445527116057,0.112839830217244,0.25,0.191860465116279,0.811278124459133
"Annotator_397",0.382000568143891,0.382000568143891,0.125175361588734,0.358974358974359,0.236167341430499,0.941828535447516
"Annotator_398",0.396261300529417,0.393224040138635,0.117538459672138,0.363636363636364,0.236786469344609,0.94566030460064
"Annotator_399",0.375050017570469,0.375050017570469,0.1243441131968,0.162790697674419,0.13953488372093,0.640944184787529
"Annotator_400",0.417902450399391,0.426335593068034,0.0727838389718607,0.409090909090909,0.247357293868922,0.976020648236615
"Annotator_401",0.41652270397107,0.41652270397107,0.0968437809407267,0.297872340425532,0.213691026827012,0.878674493217309
"Annotator_402",0.423473254544492,0.425422688665632,0.0902808020329002,0.434782608695652,0.251207729468599,0.987692508895803
"Annotator_403",0.398873160938081,0.398873160938081,0.122851735689277,0.363636363636364,0.236786469344609,0.94566030460064
"Annotator_404",0.378066582065439,0.385849913360368,0.0926112432041455,0.465116279069767,0.254706533776301,0.996485989886783
"Annotator_405",0.375050017570469,0.375050017570469,0.1243441131968,0.30952380952381,0.218931475029036,0.892623013385099
"Annotator_406",0.421778815719311,0.410549036267662,0.0969051769087774,0.390243902439024,0.24390243902439,0.964956766950569
"Annotator_407",0.41652270397107,0.41652270397107,0.0968437809407267,0.45,0.253846153846154,0.992774453987808
"Annotator_408",0.426072500039346,0.426072500039346,0.096992631561887,0.418604651162791,0.249169435215947,0.98079836469443
"Annotator_409",0.437861843360892,0.429393566105354,0.06266043953541,0.340425531914894,0.229417206290472,0.925225327805443
"Annotator_410",0.393662055034563,0.393873851512349,0.116602195902853,0.6,0.244897959183673,0.970950594454669
"Annotator_411",0.364653035591053,0.384226049901674,0.117037423291002,0.260869565217391,0.197101449275362,0.828055725379504
"Annotator_412",0.451647635987771,0.469601747594698,0.0736748668051785,0.3,0.214285714285714,0.881290899230693
"Annotator_413",0.430157491357874,0.423673782810371,0.108152993794713,0.441860465116279,0.252491694352159,0.990224690219868
"Annotator_414",0.426072500039346,0.426072500039346,0.096992631561887,0.804878048780488,0.160975609756098,0.712064054890548
"Annotator_415",0.374202831659328,0.373434285345953,0.117075596408597,0.36734693877551,0.237244897959184,0.948613198238581
"Annotator_416",0.445948292558236,0.46348861382173,0.110350266668177,0.476190476190476,0.255516840882695,0.998363672593813
"Annotator_417",0.354256053611637,0.372210165218564,0.095649151341064,0.365853658536585,0.23780487804878,0.947435136184031
"Annotator_418",0.39017658363428,0.395229856586213,0.0976809735854405,0.382978723404255,0.241443108233117,0.960118662642292
"Annotator_340",0.428196805775552,0.435570949304544,0.082951324499796,0.574468085106383,0.249768732654949,0.983939395163576
"Annotator_419",0.417636203642251,0.419745277741524,0.095114583171609,0.625,0.23936170212766,0.954434002924965
"Annotator_420",0.384599813638745,0.384599813638745,0.124150341803203,0.347826086956522,0.231884057971014,0.932111567616675
"Annotator_296",0.396261300529417,0.393224040138635,0.117538459672138,0.282608695652174,0.207246376811594,0.858981037042596
"Annotator_421",0.389323364869805,0.389323364869805,0.122709578682422,0.354166666666667,0.233599290780142,0.937734293986804
"Annotator_422",0.407505468419975,0.427290279208381,0.0891868282616774,0.441860465116279,0.252491694352159,0.990224690219868
"Annotator_423",0.41652270397107,0.41652270397107,0.0968437809407267,0.32,0.222040816326531,0.904381457724494
"Annotator_424",0.409199907245156,0.401416575950226,0.0922376810296262,0.326530612244898,0.224489795918367,0.911342375975842
"Annotator_425",0.402338240111219,0.402338240111219,0.101118621621392,0.355555555555556,0.234343434343434,0.938932010580795
"Annotator_426",0.417010258643527,0.396668698019531,0.107165881045578,0.681818181818182,0.221987315010571,0.902393282794979
"Annotator_427",0.399135893966783,0.399135893966783,0.0974821568294863,0.319148936170213,0.222016651248844,0.903453555206834
"Annotator_428",0.420456690049522,0.413323170128307,0.123364308254248,0.4375,0.251329787234043,0.988699408288497
"Annotator_429",0.449035775579108,0.42568578169432,0.0724622291706451,0.478260869565217,0.255072463768116,0.998635964158572
"Annotator_430",0.423473254544492,0.425422688665632,0.0902808020329002,0.5,0.25531914893617,1
"Annotator_431",0.425558282829249,0.436350047384969,0.0963352747192211,0.357142857142857,0.235191637630662,0.940285958670631
"Annotator_432",0.432605731612652,0.432605731612652,0.122364712009601,0.390243902439024,0.24390243902439,0.964956766950569
"Annotator_433",0.403641718013864,0.420296206873365,0.0740556412533189,0.25531914893617,0.194264569842738,0.819600434619601
"Annotator_434",0.423055935544376,0.4271810222048,0.122174559393066,0.363636363636364,0.236786469344609,0.94566030460064
"Annotator_435",0.484103086837277,0.48897420013799,0.051815182751856,0.638297872340426,0.235892691951896,0.944087018283779
"Annotator_436",0.409199907245156,0.401416575950226,0.0922376810296262,0.466666666666667,0.254545454545455,0.996791631981637
"Annotator_437",0.41319151408214,0.416637962238859,0.0740329335703011,0.465116279069767,0.254706533776301,0.996485989886783
"Annotator_438",0.466742256517068,0.464205865316838,0.0735701695146817,0.760869565217391,0.185990338164251,0.793591230011706
"Annotator_439",0.354256053611637,0.372210165218564,0.095649151341064,0.36734693877551,0.237244897959184,0.948613198238581
"Annotator_440",0.423055935544376,0.4271810222048,0.122174559393066,0.652173913043478,0.231884057971014,0.932111567616675
"Annotator_441",0.43339529676526,0.43339529676526,0.0954195582458558,0.4,0.245454545454545,0.970950594454669
"Annotator_442",0.507287670292355,0.50251592598667,0.047282795973174,0.333333333333333,0.227642276422764,0.91829583405449
"Annotator_443",0.385465647317029,0.38307819829996,0.101843530361279,0.477272727272727,0.255285412262156,0.998509098917632
"Annotator_444",0.433471565290936,0.433471565290936,0.101992206776162,0.386363636363636,0.242600422832981,0.962412735462992
"Annotator_445",0.372450772075615,0.372450772075615,0.125284998345623,0.32,0.222040816326531,0.904381457724494
"Annotator_446",0.386711504461142,0.389098953478211,0.117592706103563,0.549019607843137,0.252549019607843,0.993055483012197
"Annotator_447",0.43339529676526,0.43339529676526,0.0954195582458558,0.468085106382979,0.254394079555967,0.997059056903411
"Annotator_448",0.507926230204888,0.495579797353606,0.0540756035178957,0.590909090909091,0.247357293868922,0.976020648236615
"Annotator_449",0.401472406432935,0.40860592635415,0.12152923748476,0.5,0.255813953488372,1
"Annotator_450",0.398860546024271,0.397560923276844,0.116675656280412,0.191489361702128,0.158186864014801,0.704576712872594
"Annotator_451",0.387416786317578,0.405669277770119,0.100879121463727,0.551020408163265,0.252551020408163,0.992476003943082
"Annotator_452",0.417902450399391,0.426335593068034,0.0727838389718607,0.666666666666667,0.226950354609929,0.91829583405449
"Annotator_453",0.478275137120407,0.462708474530549,0.0960498784387141,0.577777777777778,0.249494949494949,0.982474086838641
"Annotator_454",0.463739056792368,0.432605731612652,0.119977372005266,0.166666666666667,0.142276422764228,0.650022421648354
"Annotator_455",0.401472406432935,0.40860592635415,0.12152923748476,0.127659574468085,0.113783533765032,0.550984443301715
"Annotator_456",0.435249982952229,0.430356349978429,0.0622851540054675,0.590909090909091,0.247357293868922,0.976020648236615
"Annotator_457",0.376327137395535,0.397318509393245,0.105846825077545,0.475,0.255769230769231,0.99819587904281
"Annotator_458",0.451647635987771,0.469601747594698,0.0736748668051785,0.465116279069767,0.254706533776301,0.996485989886783
"Annotator_459",0.41652270397107,0.41652270397107,0.0968437809407267,0.340909090909091,0.229915433403805,0.92568598698213
"Annotator_460",0.426072500039346,0.426072500039346,0.096992631561887,0.555555555555556,0.252525252525253,0.991076059838222
"Annotator_461",0.397312915857167,0.410530759172085,0.0835791726246577,0.531914893617021,0.254394079555967,0.997059056903411
"Annotator_462",0.432605731612652,0.432605731612652,0.122364712009601,0.745098039215686,0.193725490196078,0.81895550184031
"Annotator_463",0.372450772075615,0.372450772075615,0.125284998345623,0.489795918367347,0.255102040816327,0.999699542856517
"Annotator_464",0.42392176922266,0.42392176922266,0.101874977263398,0.488888888888889,0.255555555555556,0.999643749677856
"Annotator_465",0.482780961167488,0.469601747594699,0.0733508924383927,0.63265306122449,0.237244897959184,0.948613198238581
"Annotator_466",0.442945092833536,0.442945092833536,0.0953649149380326,0.477272727272727,0.255285412262156,0.998509098917632
"Annotator_467",0.384599813638745,0.384599813638745,0.124150341803203,0.431818181818182,0.251057082452431,0.986544630005564
"Annotator_468",0.432605731612652,0.432605731612652,0.122364712009601,0.52,0.25469387755102,0.998845535995202
"Annotator_469",0.389323364869805,0.389323364869805,0.122709578682422,0.553191489361702,0.25254394079556,0.991820797421842
"Annotator_470",0.46984235445175,0.498617057744389,0.0517023352370341,0.688888888888889,0.219191919191919,0.894451884534128
"Annotator_471",0.43339529676526,0.43339529676526,0.0954195582458558,0.333333333333333,0.227272727272727,0.91829583405449
"Annotator_472",0.398164365353206,0.409199907245156,0.0836327089058279,0.6,0.246153846153846,0.970950594454669
"Annotator_473",0.408685690035059,0.408685690035059,0.0974433295382909,0.574468085106383,0.249768732654949,0.983939395163576
"Annotator_474",0.430006486117798,0.422223154822868,0.123485833427504,0.707317073170732,0.21219512195122,0.87216178834117
"Annotator_475",0.375050017570469,0.375050017570469,0.1243441131968,0.6,0.245454545454545,0.970950594454669
"Annotator_476",0.432175797698727,0.42742972679458,0.0784993444216517,0.346153846153846,0.230769230769231,0.930586129131993
"Annotator_477",0.43339529676526,0.43339529676526,0.0954195582458558,0.595744680851064,0.246068455134135,0.973385435229956
"Annotator_27",0.429993871203988,0.405994065945487,0.114972443814568,0.534883720930233,0.254706533776301,0.996485989886783
"Annotator_478",0.410592268587286,0.418375599882215,0.0781600533521103,0.319148936170213,0.222016651248844,0.903453555206834
"Annotator_479",0.433471565290936,0.433471565290936,0.101992206776162,0.446808510638298,0.25254394079556,0.991820797421842
"Annotator_480",0.430326839905032,0.450668400529028,0.0535415899891318,0.673469387755102,0.224489795918367,0.911342375975842
"Annotator_481",0.386711504461142,0.389098953478211,0.117592706103563,0.727272727272727,0.202959830866808,0.845350936622436
"Annotator_482",0.43339529676526,0.43339529676526,0.0954195582458558,0.386363636363636,0.242600422832981,0.962412735462992
"Annotator_483",0.442945092833536,0.442945092833536,0.0953649149380326,0.5,0.25531914893617,1
"Annotator_484",0.384599813638745,0.384599813638745,0.124150341803203,0.239130434782609,0.185990338164251,0.793591230011706
"Annotator_485",0.461197432056047,0.456422534021909,0.0736459073974846,0.333333333333333,0.227272727272727,0.91829583405449
"Annotator_486",0.375915851248753,0.38847408057782,0.101746640162664,0.318181818181818,0.221987315010571,0.902393282794979
"Annotator_487",0.389310749955996,0.391048387599352,0.11671648363999,0.387755102040816,0.24234693877551,0.963335545672684
"Annotator_488",0.43339529676526,0.43339529676526,0.0954195582458558,0.543478260869565,0.253623188405797,0.994538681650011
"Annotator_489",0.434270677025316,0.4229286408043,0.08325258368259,0.354166666666667,0.233599290780142,0.937734293986804
"Annotator_490",0.398873160938081,0.398873160938081,0.122851735689277,0.468085106382979,0.254394079555967,0.997059056903411
"Annotator_491",0.416598972496745,0.408815641201816,0.102578191941552,0.30952380952381,0.218931475029036,0.892623013385099
"Annotator_492",0.355578179281425,0.378928173166213,0.116694170893287,0.117647058823529,0.105882352941176,0.522559374536941
"Annotator_493",0.420501695894245,0.42568578169432,0.0690639161414203,0.403846153846154,0.245475113122172,0.973156035442109
"Annotator_494",0.41652270397107,0.41652270397107,0.0968437809407267,0.340425531914894,0.229417206290472,0.925225327805443
"Annotator_495",0.455941320307806,0.426954820537382,0.11821908605853,0.382978723404255,0.241443108233117,0.960118662642292
"Annotator_496",0.393090217065934,0.399760048689683,0.114450171237726,0.166666666666667,0.141843971631206,0.650022421648354
"Annotator_497",0.430006486117798,0.422223154822868,0.123485833427504,0.411764705882353,0.247058823529412,0.977417817528172
"Annotator_498",0.375050017570469,0.375050017570469,0.1243441131968,0.217391304347826,0.173913043478261,0.755375412561429
"Annotator_499",0.44714181194069,0.44714181194069,0.0969119532210997,0.574468085106383,0.249768732654949,0.983939395163576
"Annotator_500",0.478275137120407,0.462708474530549,0.0960498784387141,0.452380952380952,0.253774680603949,0.993447238380203
"Annotator_501",0.434508796436441,0.430290648237893,0.0968243474575684,0.297872340425532,0.213691026827012,0.878674493217309
"Annotator_502",0.398873160938081,0.398873160938081,0.122851735689277,0.244444444444444,0.188888888888889,0.80235344282919
"Annotator_503",0.433471565290936,0.433471565290936,0.101992206776162,0.270833333333333,0.201684397163121,0.842657877202239
"Annotator_504",0.383540420997659,0.402147497706752,0.114474094570385,0.266666666666667,0.2,0.836640741941167
"Annotator_505",0.41265895356496,0.419171489242453,0.11636258949105,0.333333333333333,0.226950354609929,0.91829583405449
"Annotator_506",0.459387751713801,0.445996741663227,0.113343304754487,0.32,0.222040816326531,0.904381457724494
"Annotator_507",0.409199907245156,0.401416575950226,0.0922376810296262,0.681818181818182,0.221987315010571,0.902393282794979
"Annotator_508",0.382000568143891,0.382000568143891,0.125175361588734,0.319148936170213,0.222016651248844,0.903453555206834
"Annotator_509",0.450845455921353,0.467633144274439,0.0469241566777061,0.22,0.175102040816327,0.760167502961966
"Annotator_510",0.399135893966783,0.399135893966783,0.0974821568294863,0.224489795918367,0.177721088435374,0.768281409097524
"Annotator_511",0.420456690049522,0.413323170128307,0.123364308254248,0.108695652173913,0.0990338164251208,0.495969072061834
"Annotator_512",0.455055094402377,0.444263329846656,0.100793749535378,0.186046511627907,0.155038759689922,0.693127415328288
"Annotator_513",0.464604890470652,0.456821559175723,0.100910036133742,0.166666666666667,0.141843971631206,0.650022421648354
"Annotator_514",0.384599813638745,0.384599813638745,0.124150341803203,0.224489795918367,0.177721088435374,0.768281409097524
"Annotator_515",0.415733138818461,0.392383144933674,0.124721200383318,0.183673469387755,0.153061224489796,0.68804762353408
"Annotator_516",0.355578179281425,0.378928173166213,0.116694170893287,0.136363636363636,0.120507399577167,0.574635697837679
"Annotator_517",0.390587869781062,0.402867724192334,0.108776112816005,0.391304347826087,0.243478260869565,0.96563613337061
"Annotator_518",0.439915913424757,0.421750005340045,0.119299692361809,0.291666666666667,0.210992907801418,0.870864469235364
"Annotator_519",0.442945092833536,0.442945092833536,0.0953649149380326,0.166666666666667,0.141843971631206,0.650022421648354
"Annotator_520",0.398873160938081,0.398873160938081,0.122851735689277,0.361702127659574,0.235892691951896,0.944087018283779
"Annotator_521",0.378066582065439,0.385849913360368,0.0926112432041455,0.26,0.196326530612245,0.826746372492618
"Annotator_522",0.430326839905032,0.450668400529028,0.0535415899891318,0.232558139534884,0.182724252491694,0.782444129406689
"Annotator_523",0.406183342750186,0.406183342750186,0.124866034418325,0.108695652173913,0.0990338164251208,0.495969072061834
"Annotator_524",0.39965011117688,0.406812458228087,0.0921326378222682,0.634146341463415,0.23780487804878,0.947435136184031
"Annotator_117",0.502143286332741,0.432714288922101,0.0535059853917494,0.666666666666667,0.226950354609929,0.91829583405449
"Annotator_525",0.384599813638745,0.384599813638745,0.124150341803203,0.155555555555556,0.134343434343434,0.623570208212797
"Annotator_526",0.411811767653819,0.435161761538607,0.0956415357005965,0.30952380952381,0.218931475029036,0.892623013385099
"Annotator_527",0.389323364869805,0.389323364869805,0.122709578682422,0.638297872340426,0.235892691951896,0.944087018283779
"Annotator_528",0.417902450399391,0.426335593068034,0.0727838389718607,0.306122448979592,0.216836734693878,0.888646669898079
"Annotator_529",0.449555275786078,0.434715700804915,0.0833224258735978,0.205128205128205,0.167341430499325,0.732066690093194
"Annotator_530",0.426072500039346,0.426072500039346,0.096992631561887,0.326086956521739,0.22463768115942,0.910878378750037
"Annotator_531",0.398873160938081,0.398873160938081,0.122851735689277,0.238095238095238,0.185830429732869,0.791858352567484
"Annotator_532",0.424853000972812,0.427423419337676,0.07660677090053,0.382978723404255,0.241443108233117,0.960118662642292
"Annotator_533",0.375050017570469,0.375050017570469,0.1243441131968,0.377777777777778,0.24040404040404,0.956457404799259
"Annotator_534",0.377353522895666,0.409833623953896,0.0700365655486814,0.62,0.240408163265306,0.9580420222263
"Annotator_535",0.506174170621175,0.502794300904465,0.0471442350412177,0.558139534883721,0.252491694352159,0.990224690219868
"Annotator_536",0.426072500039346,0.426072500039346,0.096992631561887,0.48936170212766,0.25531914893617,0.999673426004892
"Annotator_537",0.384599813638745,0.384599813638745,0.124150341803203,0.1,0.0918367346938776,0.468995593589281
"Annotator_538",0.441725593767002,0.421384033143006,0.0784605589101798,0.394736842105263,0.245376955903272,0.967788462826768
"Annotator_539",0.399135893966783,0.399135893966783,0.0974821568294863,0.208333333333333,0.168439716312057,0.738284866143451
"Annotator_540",0.39017658363428,0.395229856586213,0.0976809735854405,0.186046511627907,0.155038759689922,0.693127415328288
"Annotator_541",0.437316667929903,0.422399816713758,0.122259998931672,0.318181818181818,0.221987315010571,0.902393282794979
"Annotator_542",0.468937547782077,0.456167521975224,0.113378483055113,0.372549019607843,0.23843137254902,0.952609209512121
"Annotator_543",0.419667124896913,0.427328567523728,0.0905662558818551,0.409090909090909,0.247357293868922,0.976020648236615
"Annotator_544",0.460093478966638,0.445821836546711,0.057280298114978,0.525,0.255769230769231,0.99819587904281
"Annotator_545",0.416008486760973,0.433962598367901,0.0963883386051102,0.431818181818182,0.251057082452431,0.986544630005564
"Annotator_546",0.42392176922266,0.42392176922266,0.101874977263398,0.34,0.228979591836735,0.92481870497303
"Annotator_547",0.43339529676526,0.43339529676526,0.0954195582458558,0.166666666666667,0.142276422764228,0.650022421648354
"Annotator_548",0.433870236523908,0.428445527116057,0.112839830217244,0.0909090909090909,0.0845665961945032,0.439496986921513
"Annotator_549",0.402338240111219,0.402338240111219,0.101118621621392,0.319148936170213,0.222016651248844,0.903453555206834
"Annotator_550",0.39129008330546,0.394951481668418,0.0939690457085883,0.520833333333333,0.254875886524823,0.998747297936168
"Annotator_551",0.375050017570469,0.375050017570469,0.1243441131968,0.361702127659574,0.235892691951896,0.944087018283779
"Annotator_552",0.441250654008355,0.460504388362709,0.0910141195623888,0.717391304347826,0.207246376811594,0.858981037042596
"Annotator_553",0.450029770148326,0.417170953969269,0.0835942971715519,0.5,0.255813953488372,1
"Annotator_554",0.464604890470652,0.456821559175723,0.100910036133742,0.365384615384615,0.236425339366516,0.947062243251533
"Annotator_555",0.384599813638745,0.384599813638745,0.124150341803203,0.645833333333333,0.233599290780142,0.937734293986804
"Annotator_556",0.422208749633235,0.42047111198988,0.116434898862478,0.173913043478261,0.146859903381643,0.66657835799492
"Annotator_557",0.39192261036466,0.406839461580804,0.121430628924654,0.557692307692308,0.251508295625943,0.990374836448575
"Annotator_558",0.386711504461142,0.389098953478211,0.117592706103563,0.217391304347826,0.173913043478261,0.755375412561429
"Annotator_559",0.437316667929903,0.422399816713758,0.122259998931672,0.346938775510204,0.231292517006803,0.931304368579376
"Annotator_560",0.447732297676462,0.413933148561882,0.101597620237193,0.717948717948718,0.207827260458839,0.858230792641141
"Annotator_561",0.407993023092431,0.415988150865146,0.0824444142240367,0.260869565217391,0.197101449275362,0.828055725379504
"Annotator_562",0.398860546024271,0.397560923276844,0.116675656280412,0.25531914893617,0.194264569842738,0.819600434619601
"Annotator_563",0.372450772075615,0.372450772075615,0.125284998345623,0.204081632653061,0.165816326530612,0.730016630145794
"Annotator_564",0.420456690049522,0.413323170128307,0.123364308254248,0.4375,0.251329787234043,0.988699408288497
"Annotator_565",0.441193033249823,0.440821596793904,0.111094886495329,0.363636363636364,0.236786469344609,0.94566030460064
"Annotator_566",0.464604890470652,0.456821559175723,0.100910036133742,0.266666666666667,0.2,0.836640741941167
"Annotator_567",0.402794532102723,0.405153153989801,0.0916305768989962,0.319148936170213,0.222016651248844,0.903453555206834
"Annotator_568",0.432605731612652,0.432605731612652,0.122364712009601,0.333333333333333,0.226950354609929,0.91829583405449
"Annotator_569",0.389323364869805,0.389323364869805,0.122709578682422,0.260869565217391,0.197101449275362,0.828055725379504
"Annotator_570",0.44714181194069,0.44714181194069,0.0969119532210997,0.155555555555556,0.134343434343434,0.623570208212797
"Annotator_190",0.500975679631467,0.497317434996962,0.0516211463146216,0.48936170212766,0.25531914893617,0.999673426004892
"Annotator_571",0.433870236523908,0.428445527116057,0.112839830217244,0.468085106382979,0.254394079555967,0.997059056903411
"Annotator_572",0.382000568143891,0.382000568143891,0.125175361588734,0.395833333333333,0.244237588652482,0.968461008760162
"Annotator_573",0.415733138818461,0.392383144933674,0.124721200383318,0.276595744680851,0.204440333024977,0.85077070405326
"Annotator_574",0.372450772075615,0.372450772075615,0.125284998345623,0.541666666666667,0.25354609929078,0.99498482818597
"Annotator_575",0.432175797698727,0.42742972679458,0.0784993444216517,0.159090909090909,0.136892177589852,0.632130278121971
"Annotator_576",0.421721194960779,0.419734009529619,0.107968625612036,0.479166666666667,0.254875886524823,0.998747297936168
"Annotator_577",0.448489917294558,0.442945092833536,0.0948869348323575,0.441860465116279,0.252491694352159,0.990224690219868
"Annotator_578",0.385465647317029,0.38307819829996,0.101843530361279,0.255813953488372,0.194905869324474,0.820363642957673
"Annotator_579",0.417010258643527,0.396668698019531,0.107165881045578,0.523809523809524,0.255516840882695,0.998363672593813
"Annotator_580",0.389323364869805,0.389323364869805,0.122709578682422,0.422222222222222,0.249494949494949,0.982474086838641
"Annotator_581",0.478332757878939,0.442328319398509,0.0534076207850923,0.333333333333333,0.227272727272727,0.91829583405449
"Annotator_582",0.430796051270406,0.43144586264412,0.0890967844002399,0.545454545454545,0.25369978858351,0.994030211476956
"Annotator_583",0.426072500039346,0.426072500039346,0.096992631561887,0.297872340425532,0.213691026827012,0.878674493217309
"Annotator_584",0.392397550123307,0.409350418828421,0.111188728613779,0.363636363636364,0.236786469344609,0.94566030460064
"Annotator_585",0.481991396014879,0.500844866783324,0.0493721357337131,0.521739130434783,0.255072463768116,0.998635964158572
"Annotator_586",0.383540420997659,0.402147497706752,0.114474094570385,0.382978723404255,0.241443108233117,0.960118662642292
"Annotator_587",0.425700186883953,0.432743798995498,0.0622977947664412,0.295454545454545,0.213002114164905,0.87566339232304
"Annotator_588",0.506174170621175,0.502794300904465,0.0471442350412177,0.547619047619048,0.253774680603949,0.993447238380203
"Annotator_589",0.426072500039346,0.426072500039346,0.096992631561887,0.851063829787234,0.129509713228492,0.607171654871303
"Annotator_590",0.402794532102723,0.405153153989801,0.0916305768989962,0.354166666666667,0.233599290780142,0.937734293986804
"Annotator_591",0.416598972496745,0.408815641201816,0.102578191941552,0.295454545454545,0.213002114164905,0.87566339232304
"Annotator_592",0.39192261036466,0.406839461580804,0.121430628924654,0.456521739130435,0.253623188405797,0.994538681650011
"Annotator_593",0.44714181194069,0.44714181194069,0.0969119532210997,0.186046511627907,0.155038759689922,0.693127415328288
"Annotator_594",0.449035775579108,0.42568578169432,0.0724622291706451,0.48,0.25469387755102,0.998845535995202
"Annotator_595",0.440345847338682,0.442295281459822,0.0891094879013771,0.395833333333333,0.244237588652482,0.968461008760162
"Annotator_43",0.408685690035059,0.408685690035059,0.0974433295382909,0.318181818181818,0.221987315010571,0.902393282794979
"Annotator_596",0.399726379702555,0.392842407569144,0.0977237318726286,0.466666666666667,0.254545454545455,0.996791631981637
"Annotator_597",0.372450772075615,0.372450772075615,0.125284998345623,0.473684210526316,0.256045519203414,0.9980008838723
"Annotator_598",0.442572779678144,0.429393566105354,0.0632834668679592,0.6,0.245454545454545,0.970950594454669
"Annotator_172",0.478275137120407,0.462708474530549,0.0960498784387141,0.48936170212766,0.25531914893617,0.999673426004892
"Annotator_333",0.454079747600302,0.407281029818884,0.0934954507838383,0.390243902439024,0.24390243902439,0.964956766950569
"Annotator_599",0.382000568143891,0.382000568143891,0.125175361588734,0.354166666666667,0.233599290780142,0.937734293986804
"Annotator_600",0.432605731612652,0.432605731612652,0.122364712009601,0.333333333333333,0.226950354609929,0.91829583405449
"Annotator_601",0.389323364869805,0.389323364869805,0.122709578682422,0.441860465116279,0.252491694352159,0.990224690219868
"Annotator_602",0.40704917642847,0.406149817266952,0.102490467927541,0.418604651162791,0.249169435215947,0.98079836469443
"Annotator_603",0.500975679631467,0.497317434996962,0.0516211463146216,0.468085106382979,0.254394079555967,0.997059056903411
"Annotator_604",0.442945092833536,0.442945092833536,0.0953649149380326,0.297872340425532,0.213691026827012,0.878674493217309
"Annotator_605",0.36900434066962,0.379796105225341,0.107470644426865,0.581395348837209,0.249169435215947,0.98079836469443
"Annotator_606",0.432650737457374,0.432743798995498,0.0655492527116091,0.214285714285714,0.172473867595819,0.74959525725948
"Annotator_607",0.390699597569688,0.399135893966783,0.0961321703952444,0.377777777777778,0.24040404040404,0.956457404799259
"Annotator_608",0.42392176922266,0.42392176922266,0.101874977263398,0.829787234042553,0.144310823311748,0.658191265813219
"Annotator_609",0.413923458476216,0.418260341614426,0.090201742382537,0.127659574468085,0.113783533765032,0.550984443301715
"Annotator_610",0.426072500039346,0.426072500039346,0.096992631561887,0.238095238095238,0.185830429732869,0.791858352567484
"Annotator_611",0.398873160938081,0.398873160938081,0.122851735689277,0.478260869565217,0.255072463768116,0.998635964158572
"Annotator_612",0.422208749633235,0.42047111198988,0.116434898862478,0.386363636363636,0.242600422832981,0.962412735462992
"Annotator_613",0.414038699993281,0.439169623205338,0.059941423368007,0.409090909090909,0.247357293868922,0.976020648236615
"Annotator_614",0.398731939736938,0.406481739346525,0.113921225093287,0.465116279069767,0.254706533776301,0.996485989886783
"Annotator_615",0.41652270397107,0.41652270397107,0.0968437809407267,0.133333333333333,0.118181818181818,0.566509506552905
"Annotator_616",0.492330757235763,0.479122716532983,0.0733202469658329,0.355555555555556,0.234343434343434,0.938932010580795
"Annotator_617",0.398873160938081,0.398873160938081,0.122851735689277,0.212765957446809,0.17113783533765,0.746736607483068
"Annotator_618",0.433471565290936,0.433471565290936,0.101992206776162,0.914893617021277,0.0795559666975023,0.419921097375718
"Annotator_619",0.393244736034448,0.413586296658444,0.0916492099319909,0.478260869565217,0.255072463768116,0.998635964158572
"Annotator_620",0.434775043193581,0.420296206873365,0.0743351583424709,0.837209302325581,0.13953488372093,0.640944184787529
"Annotator_621",0.41652270397107,0.41652270397107,0.0968437809407267,0.577777777777778,0.249494949494949,0.982474086838641
"Annotator_622",0.51572396668945,0.500406851887396,0.0471392467263897,0.761904761904762,0.185830429732869,0.791858352567484
"Annotator_623",0.361206604185058,0.388864654078064,0.0893994354723533,0.224489795918367,0.177721088435374,0.768281409097524
"Annotator_624",0.406658282508834,0.39724479704903,0.106606752021024,0.456521739130435,0.253623188405797,0.994538681650011
"Annotator_625",0.389323364869805,0.389323364869805,0.122709578682422,0.340425531914894,0.229417206290472,0.925225327805443
"Annotator_626",0.389483916691653,0.386711504461142,0.118300907723642,0.28,0.205714285714286,0.855450810560131
"Annotator_627",0.39965011117688,0.406812458228087,0.0921326378222682,0.224489795918367,0.177721088435374,0.768281409097524
"Annotator_628",0.426072500039346,0.426072500039346,0.096992631561887,0.173913043478261,0.146859903381643,0.66657835799492
"Annotator_629",0.391075424453518,0.409000708930455,0.115271716542152,0.54,0.253469387755102,0.995378438820226
"Annotator_630",0.378066582065439,0.385849913360368,0.0926112432041455,0.666666666666667,0.226950354609929,0.91829583405449
"Annotator_631",0.399135893966783,0.399135893966783,0.0974821568294863,0.68,0.222040816326531,0.904381457724494
"Annotator_632",0.416342205318478,0.414327966372271,0.0903784549690722,0.285714285714286,0.208333333333333,0.863120568566631
"Annotator_633",0.43339529676526,0.43339529676526,0.0954195582458558,0.416666666666667,0.24822695035461,0.979868756651153
"Annotator_634",0.426072500039346,0.426072500039346,0.096992631561887,0.727272727272727,0.202959830866808,0.845350936622436
"Annotator_187",0.38587693346381,0.40445202931446,0.105882912476279,0.30952380952381,0.218931475029036,0.892623013385099
"Annotator_635",0.487189887004587,0.508839994556039,0.0451712138616479,0.428571428571429,0.250871080139373,0.985228136034252
"Annotator_636",0.416008486760973,0.433962598367901,0.0963883386051102,0.288888888888889,0.21010101010101,0.867281622200026
"Annotator_637",0.406183342750186,0.406183342750186,0.124866034418325,0.4,0.245454545454545,0.970950594454669
"Annotator_130",0.484103086837277,0.48897420013799,0.051815182751856,0.441860465116279,0.252491694352159,0.990224690219868
"Annotator_638",0.453387080657675,0.444727719570889,0.0802162257740396,0.651162790697674,0.232558139534884,0.933025295359291
"Annotator_639",0.402338240111219,0.402338240111219,0.101118621621392,0.51063829787234,0.25531914893617,0.999673426004892
"Annotator_640",0.432605731612652,0.432605731612652,0.122364712009601,0.844444444444444,0.134343434343434,0.623570208212797
"Annotator_641",0.337383460817447,0.378066582065439,0.0915486069991077,0.5,0.255813953488372,1
"Annotator_642",0.415485472825565,0.419703621024113,0.102959567720825,0.714285714285714,0.208333333333333,0.863120568566631
"Annotator_643",0.408086407573975,0.416801078888865,0.0950064779401131,0.333333333333333,0.226950354609929,0.91829583405449
"Annotator_644",0.45628765377912,0.443580482266892,0.111309205989405,0.58695652173913,0.247826086956522,0.978070970973496
"Annotator_645",0.398873160938081,0.398873160938081,0.122851735689277,0.456521739130435,0.253623188405797,0.994538681650011
"Annotator_646",0.409212522158965,0.42607880749625,0.0893532052722953,0.341463414634146,0.230487804878049,0.926212212734666
"Annotator_647",0.389323364869805,0.389323364869805,0.122709578682422,0.363636363636364,0.236786469344609,0.94566030460064
"Annotator_648",0.42392176922266,0.42392176922266,0.101874977263398,0.558139534883721,0.252491694352159,0.990224690219868
"Annotator_649",0.474983224682926,0.466550082014283,0.0859030388663481,0.612244897959184,0.24234693877551,0.963335545672684
"Annotator_650",0.417636203642251,0.419745277741524,0.095114583171609,0.183673469387755,0.153061224489796,0.68804762353408
"Annotator_651",0.398873160938081,0.398873160938081,0.122851735689277,0.4375,0.251329787234043,0.988699408288497
"Annotator_652",0.433471565290936,0.433471565290936,0.101992206776162,0.465116279069767,0.254706533776301,0.996485989886783
"Annotator_653",0.375915851248753,0.38847408057782,0.101746640162664,0.212765957446809,0.17113783533765,0.746736607483068
"Annotator_654",0.431546338971566,0.390146018213275,0.113622880010757,0.659090909090909,0.229915433403805,0.92568598698213
"Annotator_655",0.430796051270406,0.43144586264412,0.0890967844002399,0.577777777777778,0.249494949494949,0.982474086838641
"Annotator_656",0.442945092833536,0.442945092833536,0.0953649149380326,0.575,0.250641025641026,0.983708262623186
"Annotator_385",0.408685690035059,0.408685690035059,0.0974433295382909,0.261904761904762,0.198025551684088,0.829607103088203
"Annotator_657",0.378066582065439,0.385849913360368,0.0926112432041455,0.30952380952381,0.218931475029036,0.892623013385099
"Annotator_658",0.375050017570469,0.375050017570469,0.1243441131968,0.186046511627907,0.155038759689922,0.693127415328288
"Annotator_659",0.406183342750186,0.406183342750186,0.124866034418325,0.224489795918367,0.177721088435374,0.768281409097524
"Annotator_660",0.441193033249823,0.440821596793904,0.111094886495329,0.24,0.186122448979592,0.795040279384522
"Annotator_661",0.473542484703975,0.461958887078783,0.0464621708619643,0.3125,0.219414893617021,0.896038232534557
"Annotator_662",0.410592268587286,0.418375599882215,0.0781600533521103,0.478260869565217,0.255072463768116,0.998635964158572
"Annotator_663",0.396261300529417,0.393224040138635,0.117538459672138,0.520833333333333,0.254875886524823,0.998747297936168
"Annotator_664",0.375050017570469,0.375050017570469,0.1243441131968,0.479166666666667,0.254875886524823,0.998747297936168
"Annotator_665",0.373715276986872,0.386592786272205,0.102868921465457,0.348837209302326,0.232558139534884,0.933025295359291
"Annotator_666",0.438638793599692,0.426759202774329,0.0886192925857422,0.384615384615385,0.242914979757085,0.961236604722876
"Annotator_667",0.464604890470652,0.456821559175723,0.100910036133742,0.533333333333333,0.254545454545455,0.996791631981637
"Annotator_668",0.408685690035059,0.408685690035059,0.0974433295382909,0.818181818181818,0.152219873150106,0.684038435639042
"Annotator_669",0.458816359141572,0.475376337613906,0.0431464083444432,0.704545454545455,0.213002114164905,0.87566339232304
"Annotator_670",0.372450772075615,0.372450772075615,0.125284998345623,0.44,0.251428571428571,0.989587521222056
"Annotator_671",0.407460462575252,0.410126286510116,0.107115735029238,0.479166666666667,0.254875886524823,0.998747297936168
"Annotator_672",0.41652270397107,0.41652270397107,0.0968437809407267,0.553191489361702,0.25254394079556,0.991820797421842
"Annotator_673",0.409199907245156,0.401416575950226,0.0922376810296262,0.555555555555556,0.252525252525253,0.991076059838222
"Annotator_674",0.385465647317029,0.38307819829996,0.101843530361279,0.395348837209302,0.244739756367663,0.968164732075955
"Annotator_675",0.433471565290936,0.433471565290936,0.101992206776162,0.170212765957447,0.144310823311748,0.658191265813219
"Annotator_676",0.372450772075615,0.372450772075615,0.125284998345623,0.270833333333333,0.201684397163121,0.842657877202239
"Annotator_677",0.386711504461142,0.389098953478211,0.117592706103563,0.369565217391304,0.238164251207729,0.950337669971027
"Annotator_678",0.41652270397107,0.41652270397107,0.0968437809407267,0.465116279069767,0.254706533776301,0.996485989886783
"Annotator_679",0.442945092833536,0.442945092833536,0.0953649149380326,0.48936170212766,0.25531914893617,0.999673426004892
"Annotator_680",0.384599813638745,0.384599813638745,0.124150341803203,0.341463414634146,0.230487804878049,0.926212212734666
"Annotator_681",0.430006486117798,0.422223154822868,0.123485833427504,0.673076923076923,0.224358974358974,0.911751758634754
"Annotator_682",0.392788444042943,0.410742555649871,0.100984249141606,0.478260869565217,0.255072463768116,0.998635964158572
"Annotator_683",0.42392176922266,0.42392176922266,0.101874977263398,0.386363636363636,0.242600422832981,0.962412735462992
"Annotator_684",0.47758247017778,0.471536776526206,0.0815294423193277,0.7,0.214285714285714,0.881290899230693
"Annotator_685",0.426072500039346,0.426072500039346,0.096992631561887,0.422222222222222,0.249494949494949,0.982474086838641
"Annotator_331",0.382000568143891,0.382000568143891,0.125175361588734,0.375,0.267857142857143,0.954434002924965
"Annotator_686",0.433471565290936,0.433471565290936,0.101992206776162,0.857142857142857,0.142857142857143,0.591672778582327
"Annotator_687",0.372450772075615,0.372450772075615,0.125284998345623,0.8,0.177777777777778,0.721928094887362
"Annotator_688",0.389310749955996,0.391048387599352,0.11671648363999,0.571428571428571,0.285714285714286,0.985228136034252
"Annotator_689",0.41652270397107,0.41652270397107,0.0968437809407267,0.6,0.266666666666667,0.970950594454669
"Annotator_690",0.440345847338682,0.442295281459822,0.0891094879013771,0.5,0.277777777777778,1
"Annotator_691",0.417067879402059,0.427328567523728,0.0952483502802256,0.466666666666667,0.254545454545455,0.996791631981637
"Annotator_692",0.432605731612652,0.432605731612652,0.122364712009601,0.434782608695652,0.251207729468599,0.987692508895803
"Annotator_693",0.392788444042943,0.410742555649871,0.100984249141606,0.41304347826087,0.247826086956522,0.978070970973496
"Annotator_694",0.418550111497295,0.413452609065049,0.101767470830582,0.319148936170213,0.222016651248844,0.903453555206834
"Annotator_695",0.41652270397107,0.41652270397107,0.0968437809407267,0.222222222222222,0.176767676767677,0.76420450650862
"Annotator_696",0.426072500039346,0.426072500039346,0.096992631561887,0.543478260869565,0.253623188405797,0.994538681650011
"Annotator_697",0.382000568143891,0.382000568143891,0.125175361588734,0.317073170731707,0.221951219512195,0.901170195997422
"Annotator_698",0.411811767653819,0.435161761538607,0.0956415357005965,0.276595744680851,0.204440333024977,0.85077070405326
"Annotator_699",0.372450772075615,0.372450772075615,0.125284998345623,0.25,0.191489361702128,0.811278124459133
"Annotator_700",0.389310749955996,0.391048387599352,0.11671648363999,0.568181818181818,0.251057082452431,0.986544630005564
"Annotator_701",0.43339529676526,0.43339529676526,0.0954195582458558,0.361702127659574,0.235892691951896,0.944087018283779
"Annotator_702",0.446866463998178,0.426524903374182,0.122197581117592,0.319148936170213,0.222016651248844,0.903453555206834
"Annotator_703",0.398873160938081,0.398873160938081,0.122851735689277,0.46,0.253469387755102,0.995378438820226
"Annotator_704",0.430006486117798,0.422223154822868,0.123485833427504,0.209302325581395,0.169435215946844,0.740147042713904
"Annotator_705",0.400413013791849,0.397929349508204,0.112914495430465,0.475,0.255769230769231,0.99819587904281
"Annotator_706",0.42392176922266,0.42392176922266,0.101874977263398,0.25,0.191860465116279,0.811278124459133
"Annotator_707",0.482780961167488,0.469601747594699,0.0733508924383927,0.261904761904762,0.198025551684088,0.829607103088203
"Annotator_708",0.426072500039346,0.426072500039346,0.096992631561887,0.475,0.255769230769231,0.99819587904281
"Annotator_265",0.36900434066962,0.379796105225341,0.107470644426865,0.6,0.245454545454545,0.970950594454669
"Annotator_709",0.433471565290936,0.433471565290936,0.101992206776162,0.446808510638298,0.25254394079556,0.991820797421842
"Annotator_710",0.375050017570469,0.375050017570469,0.1243441131968,0.564102564102564,0.252361673414305,0.98811083652183
"Annotator_711",0.42392176922266,0.42392176922266,0.101874977263398,0.488888888888889,0.255555555555556,0.999643749677856
"Annotator_712",0.43339529676526,0.43339529676526,0.0954195582458558,0.523809523809524,0.255516840882695,0.998363672593813
"Annotator_713",0.426072500039346,0.426072500039346,0.096992631561887,0.6875,0.219414893617021,0.896038232534557
"Annotator_714",0.402338240111219,0.402338240111219,0.101118621621392,0.30952380952381,0.218931475029036,0.892623013385099
"Annotator_715",0.448201204581776,0.43759240937385,0.0956969695219298,0.302325581395349,0.215946843853821,0.884115122048848
"Annotator_716",0.378926382890389,0.391484612219456,0.110872496245275,0.456521739130435,0.253623188405797,0.994538681650011
"Annotator_717",0.424378061214165,0.410549036267662,0.0920930705667073,0.369565217391304,0.238164251207729,0.950337669971027
"Annotator_718",0.41652270397107,0.41652270397107,0.0968437809407267,0.191489361702128,0.158186864014801,0.704576712872594
"Annotator_719",0.426072500039346,0.426072500039346,0.096992631561887,0.212765957446809,0.17113783533765,0.746736607483068
"Annotator_720",0.398873160938081,0.398873160938081,0.122851735689277,0.0454545454545455,0.0443974630021142,0.266764987803026
"Annotator_721",0.398860546024271,0.397560923276844,0.116675656280412,0.347826086956522,0.231884057971014,0.932111567616675
"Annotator_722",0.430326839905032,0.450668400529028,0.0535415899891318,0.166666666666667,0.142276422764228,0.650022421648354
"Annotator_723",0.407505468419975,0.427290279208381,0.0891868282616774,0.441860465116279,0.252491694352159,0.990224690219868
"Annotator_724",0.43339529676526,0.43339529676526,0.0954195582458558,0.340425531914894,0.229417206290472,0.925225327805443
"Annotator_725",0.489731511740909,0.478472905159269,0.0773137777279251,0.844444444444444,0.134343434343434,0.623570208212797
